employee_id,course_name,mandatory_flag,completion_date,expiry_date,status
1085,Clinical Safety,Yes,18/04/2023,22/08/2024,Completed
1085,Clinical Safety,Yes,9/12/2023,15/01/2025,Overdue
1085,Fire Safety,Yes,26/12/2023,28/10/2024,Completed
1060,Data Protection,Yes,27/04/2023,14/10/2024,Overdue
1044,Fire Safety,Yes,23/12/2023,28/04/2025,Overdue
1096,Fire Safety,Yes,27/11/2023,7/11/2024,Completed
1005,Fire Safety,Yes,27/11/2023,12/1/2025,Completed
1073,Data Protection,Yes,13/01/2023,14/08/2024,Completed
1018,Data Protection,Yes,22/05/2023,11/2/2025,Completed
1021,Data Protection,Yes,7/7/2023,28/02/2025,Completed
1072,Data Protection,Yes,8/10/2023,17/01/2025,Completed
1098,Fire Safety,Yes,25/04/2023,16/03/2025,Overdue
1074,Clinical Safety,Yes,24/08/2023,23/12/2024,Overdue
1051,Fire Safety,Yes,4/12/2023,22/07/2024,Overdue
1041,Data Protection,Yes,10/1/2023,20/12/2024,Overdue
1024,Clinical Safety,Yes,18/07/2023,29/03/2025,Completed
1024,Fire Safety,Yes,9/9/2023,3/6/2025,Overdue
1096,Clinical Safety,Yes,19/02/2023,16/03/2025,Overdue
1097,Data Protection,Yes,22/05/2023,10/4/2025,Completed
1038,Clinical Safety,Yes,28/09/2023,29/06/2024,Overdue
1044,Clinical Safety,Yes,16/01/2023,22/09/2024,Completed
1057,Data Protection,Yes,2/1/2023,1/6/2025,Completed
1059,Clinical Safety,Yes,7/6/2023,5/9/2024,Completed
1034,Fire Safety,Yes,30/01/2023,29/07/2024,Overdue
1075,Clinical Safety,Yes,23/03/2023,12/1/2025,Completed
1095,Fire Safety,Yes,31/01/2023,27/09/2024,Overdue
1082,Clinical Safety,Yes,24/08/2023,12/6/2025,Overdue
1023,Clinical Safety,Yes,29/11/2023,14/07/2024,Overdue
1086,Data Protection,Yes,28/05/2023,4/5/2025,Completed
1043,Data Protection,Yes,26/06/2023,31/03/2025,Completed
1082,Fire Safety,Yes,4/2/2023,1/6/2025,Completed
1040,Data Protection,Yes,23/01/2023,7/12/2024,Overdue
1047,Data Protection,Yes,16/04/2023,6/1/2025,Overdue
1041,Data Protection,Yes,7/4/2023,26/11/2024,Completed
1047,Data Protection,Yes,18/08/2023,19/10/2024,Overdue
1020,Data Protection,Yes,15/08/2023,28/03/2025,Completed
1077,Fire Safety,Yes,10/4/2023,21/12/2024,Completed
1065,Fire Safety,Yes,24/02/2023,24/11/2024,Overdue
1068,Data Protection,Yes,14/07/2023,23/12/2024,Overdue
1024,Data Protection,Yes,8/1/2023,6/2/2025,Completed
1100,Fire Safety,Yes,11/11/2023,14/03/2025,Overdue
1036,Clinical Safety,Yes,8/5/2023,28/03/2025,Completed
1045,Fire Safety,Yes,1/2/2023,3/1/2025,Completed
1002,Clinical Safety,Yes,3/4/2023,30/04/2025,Overdue
1028,Data Protection,Yes,7/1/2023,26/09/2024,Completed
1026,Data Protection,Yes,15/09/2023,6/6/2025,Overdue
1023,Fire Safety,Yes,7/12/2023,17/03/2025,Completed
1079,Data Protection,Yes,8/8/2023,1/12/2024,Overdue
1036,Clinical Safety,Yes,28/08/2023,14/01/2025,Overdue
1091,Clinical Safety,Yes,16/04/2023,22/08/2024,Completed
1006,Fire Safety,Yes,5/2/2023,9/3/2025,Overdue
1035,Clinical Safety,Yes,14/02/2023,18/12/2024,Overdue
1038,Fire Safety,Yes,25/10/2023,14/01/2025,Completed
1035,Fire Safety,Yes,5/11/2023,8/10/2024,Overdue
1100,Clinical Safety,Yes,9/1/2023,9/4/2025,Completed
1074,Clinical Safety,Yes,28/03/2023,26/11/2024,Overdue
1094,Clinical Safety,Yes,27/11/2023,17/10/2024,Completed
1053,Clinical Safety,Yes,26/06/2023,21/03/2025,Completed
1038,Clinical Safety,Yes,10/5/2023,27/09/2024,Completed
1093,Clinical Safety,Yes,14/07/2023,22/12/2024,Completed
1059,Clinical Safety,Yes,11/1/2023,14/02/2025,Overdue
1043,Data Protection,Yes,2/11/2023,27/07/2024,Completed
1004,Fire Safety,Yes,2/5/2023,25/04/2025,Overdue
1005,Fire Safety,Yes,23/08/2023,9/1/2025,Completed
1068,Clinical Safety,Yes,27/11/2023,1/5/2025,Overdue
1100,Fire Safety,Yes,31/01/2023,22/02/2025,Completed
1045,Clinical Safety,Yes,14/12/2023,20/06/2025,Overdue
1080,Data Protection,Yes,12/8/2023,22/03/2025,Overdue
1025,Fire Safety,Yes,2/6/2023,28/01/2025,Completed
1078,Fire Safety,Yes,31/07/2023,18/09/2024,Completed
1011,Data Protection,Yes,2/4/2023,3/11/2024,Completed
1029,Data Protection,Yes,27/11/2023,17/03/2025,Overdue
1034,Data Protection,Yes,14/12/2023,3/9/2024,Overdue
1086,Fire Safety,Yes,9/5/2023,29/08/2024,Overdue
1014,Fire Safety,Yes,16/07/2023,8/11/2024,Overdue
1024,Data Protection,Yes,11/2/2023,12/11/2024,Completed
1059,Data Protection,Yes,16/08/2023,26/07/2024,Completed
1039,Data Protection,Yes,13/07/2023,25/01/2025,Completed
1026,Data Protection,Yes,18/01/2023,19/01/2025,Completed
1043,Data Protection,Yes,29/11/2023,8/3/2025,Overdue
1036,Clinical Safety,Yes,31/08/2023,5/8/2024,Overdue
1039,Data Protection,Yes,3/10/2023,10/8/2024,Completed
1061,Clinical Safety,Yes,7/5/2023,23/10/2024,Overdue
1016,Fire Safety,Yes,16/03/2023,4/1/2025,Completed
1059,Fire Safety,Yes,3/3/2023,13/08/2024,Overdue
1096,Clinical Safety,Yes,15/10/2023,11/12/2024,Overdue
1006,Data Protection,Yes,5/7/2023,29/04/2025,Overdue
1098,Fire Safety,Yes,27/06/2023,17/01/2025,Overdue
1056,Data Protection,Yes,15/06/2023,16/02/2025,Overdue
1008,Data Protection,Yes,2/7/2023,28/02/2025,Overdue
1094,Clinical Safety,Yes,28/01/2023,23/01/2025,Completed
1027,Fire Safety,Yes,26/11/2023,3/3/2025,Overdue
1071,Fire Safety,Yes,4/9/2023,19/04/2025,Completed
1027,Clinical Safety,Yes,3/12/2023,21/05/2025,Completed
1089,Data Protection,Yes,22/01/2023,3/12/2024,Completed
1046,Data Protection,Yes,6/4/2023,29/06/2024,Completed
1041,Fire Safety,Yes,2/5/2023,31/01/2025,Completed
1079,Clinical Safety,Yes,7/9/2023,4/3/2025,Completed
1025,Clinical Safety,Yes,4/11/2023,5/9/2024,Overdue
1086,Data Protection,Yes,30/11/2023,28/07/2024,Overdue
1018,Data Protection,Yes,22/11/2023,21/10/2024,Overdue
1012,Clinical Safety,Yes,17/05/2023,6/7/2024,Completed
1087,Fire Safety,Yes,4/10/2023,30/03/2025,Completed
1051,Data Protection,Yes,16/11/2023,9/5/2025,Completed
1039,Clinical Safety,Yes,28/11/2023,29/05/2025,Overdue
1089,Clinical Safety,Yes,2/3/2023,3/8/2024,Overdue
1010,Clinical Safety,Yes,7/9/2023,5/5/2025,Overdue
1094,Fire Safety,Yes,5/4/2023,11/8/2024,Completed
1074,Data Protection,Yes,23/10/2023,30/11/2024,Completed
1098,Data Protection,Yes,3/7/2023,13/09/2024,Completed
1077,Data Protection,Yes,17/09/2023,14/09/2024,Overdue
1054,Fire Safety,Yes,14/10/2023,7/10/2024,Completed
1029,Data Protection,Yes,4/6/2023,28/07/2024,Completed
1041,Data Protection,Yes,5/7/2023,6/8/2024,Completed
1009,Data Protection,Yes,10/3/2023,22/02/2025,Completed
1063,Data Protection,Yes,22/11/2023,11/7/2024,Overdue
1077,Fire Safety,Yes,18/09/2023,28/10/2024,Overdue
1037,Clinical Safety,Yes,25/04/2023,19/11/2024,Completed
1014,Clinical Safety,Yes,13/12/2023,17/12/2024,Completed
1073,Data Protection,Yes,8/1/2023,2/3/2025,Overdue
1072,Data Protection,Yes,22/09/2023,2/3/2025,Overdue
1039,Data Protection,Yes,28/09/2023,12/8/2024,Completed
1040,Fire Safety,Yes,6/9/2023,8/3/2025,Overdue
1054,Data Protection,Yes,15/04/2023,15/04/2025,Overdue
1003,Fire Safety,Yes,20/09/2023,21/01/2025,Completed
1055,Data Protection,Yes,12/8/2023,5/7/2024,Overdue
1033,Data Protection,Yes,24/11/2023,25/02/2025,Overdue
1096,Clinical Safety,Yes,28/09/2023,16/10/2024,Overdue
1071,Data Protection,Yes,14/06/2023,20/10/2024,Overdue
1019,Fire Safety,Yes,24/03/2023,1/5/2025,Completed
1034,Clinical Safety,Yes,22/10/2023,26/04/2025,Overdue
1078,Fire Safety,Yes,14/05/2023,31/03/2025,Overdue
1050,Clinical Safety,Yes,30/07/2023,2/10/2024,Completed
1047,Fire Safety,Yes,9/11/2023,18/04/2025,Overdue
1046,Clinical Safety,Yes,2/4/2023,3/1/2025,Completed
1056,Fire Safety,Yes,3/12/2023,23/06/2025,Completed
1057,Fire Safety,Yes,7/5/2023,12/4/2025,Overdue
1083,Data Protection,Yes,10/7/2023,29/11/2024,Overdue
1051,Clinical Safety,Yes,8/6/2023,25/08/2024,Overdue
1054,Clinical Safety,Yes,27/11/2023,1/6/2025,Overdue
1090,Data Protection,Yes,1/12/2023,17/08/2024,Overdue
1081,Fire Safety,Yes,10/1/2023,21/01/2025,Completed
1028,Fire Safety,Yes,17/04/2023,19/08/2024,Overdue
1019,Clinical Safety,Yes,28/03/2023,5/6/2025,Completed
1027,Fire Safety,Yes,8/3/2023,25/11/2024,Overdue
1048,Clinical Safety,Yes,3/3/2023,20/08/2024,Completed
1019,Clinical Safety,Yes,26/05/2023,27/01/2025,Overdue
1097,Fire Safety,Yes,2/6/2023,2/9/2024,Overdue
1051,Fire Safety,Yes,17/04/2023,15/02/2025,Overdue
1007,Fire Safety,Yes,28/05/2023,23/04/2025,Overdue
1029,Data Protection,Yes,5/7/2023,1/6/2025,Overdue
1043,Clinical Safety,Yes,15/12/2023,26/11/2024,Completed
1069,Fire Safety,Yes,8/12/2023,19/01/2025,Overdue
1094,Data Protection,Yes,27/06/2023,14/05/2025,Overdue
1058,Fire Safety,Yes,1/12/2023,10/3/2025,Overdue
1008,Clinical Safety,Yes,23/09/2023,12/11/2024,Completed
1042,Data Protection,Yes,29/05/2023,10/11/2024,Overdue
1076,Clinical Safety,Yes,4/9/2023,21/08/2024,Completed
1042,Fire Safety,Yes,11/9/2023,1/9/2024,Overdue
1013,Fire Safety,Yes,29/01/2023,30/06/2024,Completed
1026,Fire Safety,Yes,18/12/2023,7/11/2024,Overdue
1018,Data Protection,Yes,23/09/2023,28/05/2025,Overdue
1042,Data Protection,Yes,13/01/2023,30/07/2024,Completed
1051,Data Protection,Yes,16/02/2023,19/06/2025,Overdue
1084,Data Protection,Yes,31/05/2023,23/06/2025,Completed
1016,Fire Safety,Yes,19/02/2023,26/02/2025,Overdue
1003,Fire Safety,Yes,3/8/2023,6/1/2025,Overdue
1091,Fire Safety,Yes,12/5/2023,17/11/2024,Completed
1079,Data Protection,Yes,23/04/2023,23/11/2024,Overdue
1098,Data Protection,Yes,9/9/2023,25/09/2024,Completed
1045,Fire Safety,Yes,7/12/2023,16/08/2024,Completed
1022,Fire Safety,Yes,22/02/2023,11/11/2024,Overdue
1023,Data Protection,Yes,10/5/2023,5/1/2025,Overdue
1059,Clinical Safety,Yes,20/11/2023,24/11/2024,Overdue
1062,Fire Safety,Yes,12/7/2023,23/09/2024,Completed
1068,Fire Safety,Yes,20/03/2023,6/7/2024,Completed
1054,Fire Safety,Yes,26/02/2023,6/2/2025,Overdue
1057,Data Protection,Yes,7/4/2023,20/06/2025,Completed
1023,Fire Safety,Yes,17/07/2023,14/07/2024,Completed
1060,Fire Safety,Yes,15/05/2023,20/04/2025,Completed
1073,Fire Safety,Yes,27/05/2023,12/10/2024,Completed
1088,Fire Safety,Yes,21/06/2023,7/4/2025,Overdue
1085,Fire Safety,Yes,4/3/2023,10/10/2024,Overdue
1055,Clinical Safety,Yes,6/3/2023,21/11/2024,Overdue
1080,Clinical Safety,Yes,22/10/2023,2/8/2024,Completed
1063,Fire Safety,Yes,30/07/2023,19/10/2024,Completed
1056,Fire Safety,Yes,19/04/2023,2/5/2025,Completed
1055,Fire Safety,Yes,9/10/2023,20/08/2024,Completed
1025,Fire Safety,Yes,21/06/2023,10/6/2025,Overdue
1026,Data Protection,Yes,12/1/2023,17/09/2024,Completed
1049,Data Protection,Yes,29/11/2023,10/10/2024,Completed
1063,Data Protection,Yes,8/8/2023,16/05/2025,Overdue
1045,Clinical Safety,Yes,8/12/2023,25/02/2025,Overdue
1073,Fire Safety,Yes,13/10/2023,29/07/2024,Overdue
1079,Data Protection,Yes,21/06/2023,11/5/2025,Completed
1039,Fire Safety,Yes,24/08/2023,6/1/2025,Completed
1097,Fire Safety,Yes,15/06/2023,20/06/2025,Completed
1065,Clinical Safety,Yes,6/7/2023,16/02/2025,Completed
1069,Clinical Safety,Yes,19/06/2023,4/10/2024,Completed
1056,Data Protection,Yes,21/02/2023,1/8/2024,Completed
1009,Data Protection,Yes,15/11/2023,26/02/2025,Overdue
1070,Clinical Safety,Yes,8/7/2023,26/08/2024,Completed
1028,Clinical Safety,Yes,30/04/2023,14/03/2025,Overdue
1045,Fire Safety,Yes,15/04/2023,15/07/2024,Overdue
1026,Fire Safety,Yes,11/6/2023,14/09/2024,Overdue
1028,Data Protection,Yes,22/10/2023,20/01/2025,Completed
1040,Data Protection,Yes,10/2/2023,26/04/2025,Completed
1015,Clinical Safety,Yes,30/12/2023,11/12/2024,Overdue
1006,Data Protection,Yes,14/06/2023,15/04/2025,Completed
1027,Fire Safety,Yes,17/11/2023,18/10/2024,Completed
1038,Clinical Safety,Yes,1/12/2023,11/5/2025,Overdue
1068,Fire Safety,Yes,9/6/2023,16/06/2025,Completed
1075,Clinical Safety,Yes,21/09/2023,20/11/2024,Completed
1085,Clinical Safety,Yes,19/12/2023,1/12/2024,Completed
1064,Fire Safety,Yes,18/01/2023,23/12/2024,Completed
1030,Data Protection,Yes,22/06/2023,9/6/2025,Overdue
1082,Data Protection,Yes,18/12/2023,11/11/2024,Overdue
1099,Data Protection,Yes,2/2/2023,9/5/2025,Completed
1003,Data Protection,Yes,18/09/2023,16/07/2024,Completed
1062,Fire Safety,Yes,29/07/2023,14/06/2025,Completed
1012,Clinical Safety,Yes,26/11/2023,30/11/2024,Overdue
1091,Fire Safety,Yes,13/06/2023,27/03/2025,Completed
1030,Data Protection,Yes,5/1/2023,21/03/2025,Completed
1085,Data Protection,Yes,3/2/2023,23/06/2025,Overdue
1038,Fire Safety,Yes,7/10/2023,26/05/2025,Completed
1085,Clinical Safety,Yes,25/05/2023,14/07/2024,Overdue
1060,Fire Safety,Yes,17/12/2023,10/7/2024,Completed
1038,Fire Safety,Yes,12/3/2023,11/9/2024,Overdue
1015,Fire Safety,Yes,14/12/2023,26/01/2025,Completed
1018,Clinical Safety,Yes,18/08/2023,24/12/2024,Completed
1052,Fire Safety,Yes,5/5/2023,4/11/2024,Overdue
1029,Fire Safety,Yes,5/10/2023,7/4/2025,Overdue
1060,Data Protection,Yes,28/09/2023,9/1/2025,Overdue
1021,Fire Safety,Yes,23/12/2023,23/03/2025,Overdue
1017,Data Protection,Yes,15/01/2023,28/07/2024,Overdue
1018,Data Protection,Yes,30/08/2023,7/7/2024,Completed
1057,Data Protection,Yes,2/6/2023,3/5/2025,Overdue
1037,Clinical Safety,Yes,22/02/2023,4/5/2025,Overdue
1060,Data Protection,Yes,29/05/2023,10/12/2024,Overdue
1038,Fire Safety,Yes,24/12/2023,7/1/2025,Overdue
1012,Fire Safety,Yes,7/8/2023,29/04/2025,Completed
1075,Data Protection,Yes,23/04/2023,15/03/2025,Completed
1084,Data Protection,Yes,15/10/2023,6/1/2025,Completed
1073,Fire Safety,Yes,4/10/2023,15/09/2024,Completed
1001,Data Protection,Yes,24/03/2023,24/12/2024,Completed
1058,Clinical Safety,Yes,6/8/2023,27/09/2024,Overdue
1003,Data Protection,Yes,14/08/2023,29/01/2025,Completed
1063,Clinical Safety,Yes,27/09/2023,15/09/2024,Completed
1021,Clinical Safety,Yes,15/01/2023,9/10/2024,Overdue
1023,Clinical Safety,Yes,17/10/2023,17/10/2024,Overdue
1009,Data Protection,Yes,5/12/2023,8/5/2025,Completed
1083,Clinical Safety,Yes,22/09/2023,2/3/2025,Completed
1055,Clinical Safety,Yes,18/07/2023,17/02/2025,Overdue
1019,Data Protection,Yes,7/6/2023,18/09/2024,Completed
1062,Clinical Safety,Yes,29/11/2023,7/11/2024,Overdue
1087,Data Protection,Yes,26/07/2023,18/02/2025,Overdue
1091,Fire Safety,Yes,23/06/2023,2/4/2025,Completed
1091,Clinical Safety,Yes,3/7/2023,29/05/2025,Completed
1039,Data Protection,Yes,22/09/2023,5/10/2024,Completed
1100,Fire Safety,Yes,3/9/2023,5/8/2024,Overdue
1076,Clinical Safety,Yes,5/2/2023,6/12/2024,Overdue
1027,Clinical Safety,Yes,16/09/2023,23/10/2024,Completed
1046,Data Protection,Yes,19/01/2023,24/02/2025,Completed
1034,Fire Safety,Yes,23/01/2023,24/07/2024,Completed
1033,Data Protection,Yes,14/04/2023,11/11/2024,Overdue
1092,Clinical Safety,Yes,29/08/2023,17/08/2024,Overdue
1095,Clinical Safety,Yes,27/12/2023,18/04/2025,Overdue
1096,Clinical Safety,Yes,23/07/2023,22/04/2025,Completed
1050,Clinical Safety,Yes,10/9/2023,17/04/2025,Overdue
1020,Fire Safety,Yes,22/05/2023,29/11/2024,Overdue
1040,Fire Safety,Yes,29/10/2023,3/2/2025,Completed
1099,Data Protection,Yes,23/05/2023,15/11/2024,Overdue
1095,Data Protection,Yes,28/09/2023,16/08/2024,Completed
1058,Data Protection,Yes,3/11/2023,17/11/2024,Overdue
1031,Clinical Safety,Yes,20/04/2023,13/08/2024,Completed
1038,Data Protection,Yes,8/1/2023,8/12/2024,Completed
1086,Fire Safety,Yes,10/3/2023,9/4/2025,Overdue
1045,Data Protection,Yes,9/7/2023,23/03/2025,Completed
1041,Data Protection,Yes,28/06/2023,22/10/2024,Overdue
1009,Fire Safety,Yes,4/3/2023,18/09/2024,Completed
1009,Fire Safety,Yes,9/3/2023,11/8/2024,Completed
1063,Clinical Safety,Yes,25/07/2023,8/1/2025,Completed
1079,Fire Safety,Yes,6/1/2023,13/03/2025,Overdue
1077,Fire Safety,Yes,29/04/2023,28/03/2025,Completed
1022,Data Protection,Yes,9/11/2023,29/03/2025,Completed
1016,Fire Safety,Yes,31/01/2023,2/4/2025,Overdue
1032,Clinical Safety,Yes,6/1/2023,19/09/2024,Completed
1066,Data Protection,Yes,26/07/2023,25/08/2024,Completed
1090,Clinical Safety,Yes,6/6/2023,20/08/2024,Completed
1014,Fire Safety,Yes,8/3/2023,29/06/2024,Completed
1038,Clinical Safety,Yes,26/11/2023,30/01/2025,Overdue
1098,Clinical Safety,Yes,19/12/2023,11/5/2025,Completed
1008,Fire Safety,Yes,2/12/2023,11/2/2025,Completed
1100,Fire Safety,Yes,16/10/2023,9/3/2025,Overdue
1021,Data Protection,Yes,20/05/2023,4/12/2024,Completed
1056,Data Protection,Yes,27/10/2023,11/4/2025,Completed
1046,Data Protection,Yes,13/01/2023,2/9/2024,Overdue
1043,Fire Safety,Yes,1/6/2023,3/5/2025,Overdue
1092,Clinical Safety,Yes,9/11/2023,1/10/2024,Overdue
1046,Clinical Safety,Yes,18/12/2023,8/3/2025,Overdue
1048,Data Protection,Yes,19/04/2023,25/11/2024,Completed
1070,Data Protection,Yes,22/12/2023,21/07/2024,Overdue
1084,Fire Safety,Yes,29/05/2023,27/02/2025,Completed
1031,Clinical Safety,Yes,23/07/2023,29/01/2025,Overdue
1033,Data Protection,Yes,3/11/2023,6/11/2024,Completed
1044,Fire Safety,Yes,21/01/2023,6/6/2025,Overdue
1071,Data Protection,Yes,1/3/2023,23/11/2024,Overdue
1008,Fire Safety,Yes,21/01/2023,15/10/2024,Completed
1073,Clinical Safety,Yes,29/12/2023,7/8/2024,Overdue
1002,Fire Safety,Yes,2/9/2023,27/10/2024,Overdue
1017,Data Protection,Yes,14/03/2023,19/04/2025,Overdue
1052,Data Protection,Yes,17/03/2023,26/10/2024,Completed
1045,Clinical Safety,Yes,5/7/2023,16/07/2024,Overdue
1037,Clinical Safety,Yes,19/03/2023,14/12/2024,Overdue
1042,Data Protection,Yes,6/3/2023,12/1/2025,Completed
1044,Data Protection,Yes,8/12/2023,18/11/2024,Completed
1081,Data Protection,Yes,17/10/2023,4/8/2024,Overdue
1038,Clinical Safety,Yes,25/02/2023,31/12/2024,Completed
1099,Data Protection,Yes,27/11/2023,16/03/2025,Completed
1094,Clinical Safety,Yes,16/09/2023,14/02/2025,Completed
1006,Data Protection,Yes,9/7/2023,9/3/2025,Overdue
1068,Fire Safety,Yes,6/1/2023,23/05/2025,Overdue
1051,Fire Safety,Yes,6/1/2023,21/04/2025,Completed
1035,Data Protection,Yes,10/7/2023,8/7/2024,Overdue
1058,Fire Safety,Yes,28/05/2023,18/05/2025,Completed
1057,Clinical Safety,Yes,15/09/2023,13/02/2025,Overdue
1073,Fire Safety,Yes,6/8/2023,22/07/2024,Completed
1006,Fire Safety,Yes,31/03/2023,14/09/2024,Overdue
1013,Clinical Safety,Yes,8/11/2023,7/1/2025,Completed
1059,Fire Safety,Yes,18/12/2023,15/10/2024,Overdue
1086,Fire Safety,Yes,10/1/2023,4/4/2025,Overdue
1092,Data Protection,Yes,28/03/2023,18/03/2025,Completed
1030,Clinical Safety,Yes,7/9/2023,23/05/2025,Overdue
1100,Clinical Safety,Yes,22/11/2023,18/06/2025,Overdue
1002,Data Protection,Yes,31/05/2023,23/03/2025,Overdue
1058,Data Protection,Yes,23/04/2023,4/6/2025,Overdue
1036,Fire Safety,Yes,30/01/2023,14/03/2025,Overdue
1072,Fire Safety,Yes,8/5/2023,29/05/2025,Overdue
1045,Fire Safety,Yes,19/03/2023,21/09/2024,Overdue
1009,Data Protection,Yes,24/02/2023,8/7/2024,Overdue
1065,Clinical Safety,Yes,1/11/2023,13/04/2025,Completed
1077,Fire Safety,Yes,3/2/2023,26/04/2025,Overdue
1050,Data Protection,Yes,15/04/2023,26/08/2024,Completed
1079,Clinical Safety,Yes,21/06/2023,2/5/2025,Overdue
1032,Data Protection,Yes,22/01/2023,17/03/2025,Completed
1098,Fire Safety,Yes,14/10/2023,9/4/2025,Overdue
1043,Data Protection,Yes,15/04/2023,25/10/2024,Completed
1095,Data Protection,Yes,29/05/2023,13/12/2024,Completed
1078,Data Protection,Yes,29/09/2023,16/06/2025,Overdue
1054,Data Protection,Yes,3/10/2023,3/1/2025,Completed
1047,Clinical Safety,Yes,26/10/2023,6/3/2025,Overdue
1014,Fire Safety,Yes,21/06/2023,18/05/2025,Overdue
1048,Clinical Safety,Yes,16/02/2023,12/2/2025,Completed
1055,Data Protection,Yes,24/04/2023,4/1/2025,Overdue
1029,Data Protection,Yes,2/10/2023,10/5/2025,Completed
1047,Fire Safety,Yes,31/10/2023,30/10/2024,Completed
1063,Fire Safety,Yes,26/07/2023,20/09/2024,Overdue
1019,Clinical Safety,Yes,30/08/2023,21/04/2025,Overdue
1091,Clinical Safety,Yes,28/10/2023,29/01/2025,Overdue
1009,Fire Safety,Yes,15/07/2023,20/02/2025,Overdue
1037,Clinical Safety,Yes,13/06/2023,19/10/2024,Overdue
1092,Data Protection,Yes,25/06/2023,31/01/2025,Completed
1052,Data Protection,Yes,9/12/2023,15/05/2025,Completed
1057,Fire Safety,Yes,28/09/2023,1/3/2025,Overdue
1088,Clinical Safety,Yes,20/04/2023,29/05/2025,Overdue
1028,Data Protection,Yes,21/06/2023,13/05/2025,Overdue
1036,Fire Safety,Yes,18/12/2023,4/8/2024,Completed
1064,Clinical Safety,Yes,21/07/2023,31/08/2024,Completed
1018,Data Protection,Yes,17/06/2023,2/2/2025,Completed
1089,Clinical Safety,Yes,12/4/2023,5/6/2025,Overdue
1035,Clinical Safety,Yes,27/03/2023,1/8/2024,Overdue
1068,Clinical Safety,Yes,22/05/2023,6/8/2024,Completed
1078,Fire Safety,Yes,3/12/2023,3/9/2024,Overdue
1039,Data Protection,Yes,1/8/2023,23/01/2025,Overdue
1090,Fire Safety,Yes,20/02/2023,12/5/2025,Completed
1008,Data Protection,Yes,22/04/2023,7/6/2025,Completed
1088,Data Protection,Yes,28/09/2023,27/11/2024,Overdue
1080,Fire Safety,Yes,6/3/2023,13/01/2025,Completed
1084,Fire Safety,Yes,10/12/2023,25/09/2024,Overdue
1015,Data Protection,Yes,2/7/2023,3/3/2025,Completed
1007,Data Protection,Yes,28/11/2023,17/05/2025,Completed
1017,Data Protection,Yes,10/1/2023,15/09/2024,Overdue
1086,Clinical Safety,Yes,22/08/2023,9/4/2025,Overdue
1086,Data Protection,Yes,25/10/2023,24/05/2025,Completed
1064,Fire Safety,Yes,1/9/2023,30/07/2024,Overdue
1012,Fire Safety,Yes,17/12/2023,23/09/2024,Completed
1082,Fire Safety,Yes,24/09/2023,6/8/2024,Overdue
1056,Data Protection,Yes,28/04/2023,7/10/2024,Completed
1046,Data Protection,Yes,24/05/2023,27/02/2025,Completed
1047,Clinical Safety,Yes,20/07/2023,15/02/2025,Completed
1079,Clinical Safety,Yes,27/08/2023,4/9/2024,Overdue
1016,Fire Safety,Yes,30/11/2023,6/1/2025,Completed
1069,Clinical Safety,Yes,3/9/2023,26/07/2024,Completed
1002,Clinical Safety,Yes,12/12/2023,25/03/2025,Completed
1092,Fire Safety,Yes,8/1/2023,9/2/2025,Completed
1054,Data Protection,Yes,1/6/2023,13/09/2024,Overdue
1027,Clinical Safety,Yes,30/07/2023,6/2/2025,Overdue
1031,Data Protection,Yes,7/6/2023,12/12/2024,Completed
1041,Fire Safety,Yes,27/02/2023,8/4/2025,Completed
1036,Fire Safety,Yes,27/03/2023,6/1/2025,Overdue
